<?xml version="1.0" encoding="UTF-8" standalone="yes" ?><hh:head xmlns:ha="http://www.hancom.co.kr/hwpml/2011/app" xmlns:hp="http://www.hancom.co.kr/hwpml/2011/paragraph" xmlns:hs="http://www.hancom.co.kr/hwpml/2011/section" xmlns:hc="http://www.hancom.co.kr/hwpml/2011/core" xmlns:hh="http://www.hancom.co.kr/hwpml/2011/head" xmlns:hhs="http://www.hancom.co.kr/hwpml/2011/history" xmlns:hm="http://www.hancom.co.kr/hwpml/2011/master-page" xmlns:hpf="http://www.hancom.co.kr/schema/2011/hpf" xmlns:dc="http://purl.org/dc/elements/1.1/" xmlns:opf="http://www.idpf.org/2007/opf/" version="1.1" secCnt="1"><hh:beginNum page="1" footnote="1" endnote="1" pic="1" tbl="1" equation="1"/><hh:refList><hh:fontfaces itemCnt="7"><hh:fontface lang="HANGUL" fontCnt="2"><hh:font id="0" face="함초롬돋움" type="TTF" isEmbedded="0"><hh:typeInfo familyType="FCAT_GOTHIC" weight="6" proportion="4" contrast="0" strokeVariation="1" armStyle="1" letterform="1" midline="1" xHeight="1"/></hh:font><hh:font id="1" face="함초롬바탕" type="TTF" isEmbedded="0"><hh:typeInfo familyType="FCAT_GOTHIC" weight="6" proportion="4" contrast="0" strokeVariation="1" armStyle="1" letterform="1" midline="1" xHeight="1"/></hh:font></hh:fontface><hh:fontface lang="LATIN" fontCnt="2"><hh:font id="0" face="함초롬돋움" type="TTF" isEmbedded="0"><hh:typeInfo familyType="FCAT_GOTHIC" weight="6" proportion="4" contrast="0" strokeVariation="1" armStyle="1" letterform="1" midline="1" xHeight="1"/></hh:font><hh:font id="1" face="함초롬바탕" type="TTF" isEmbedded="0"><hh:typeInfo familyType="FCAT_GOTHIC" weight="6" proportion="4" contrast="0" strokeVariation="1" armStyle="1" letterform="1" midline="1" xHeight="1"/></hh:font></hh:fontface><hh:fontface lang="HANJA" fontCnt="2"><hh:font id="0" face="함초롬돋움" type="TTF" isEmbedded="0"><hh:typeInfo familyType="FCAT_GOTHIC" weight="6" proportion="4" contrast="0" strokeVariation="1" armStyle="1" letterform="1" midline="1" xHeight="1"/></hh:font><hh:font id="1" face="함초롬바탕" type="TTF" isEmbedded="0"><hh:typeInfo familyType="FCAT_GOTHIC" weight="6" proportion="4" contrast="0" strokeVariation="1" armStyle="1" letterform="1" midline="1" xHeight="1"/></hh:font></hh:fontface><hh:fontface lang="JAPANESE" fontCnt="2"><hh:font id="0" face="함초롬돋움" type="TTF" isEmbedded="0"><hh:typeInfo familyType="FCAT_GOTHIC" weight="6" proportion="4" contrast="0" strokeVariation="1" armStyle="1" letterform="1" midline="1" xHeight="1"/></hh:font><hh:font id="1" face="함초롬바탕" type="TTF" isEmbedded="0"><hh:typeInfo familyType="FCAT_GOTHIC" weight="6" proportion="4" contrast="0" strokeVariation="1" armStyle="1" letterform="1" midline="1" xHeight="1"/></hh:font></hh:fontface><hh:fontface lang="OTHER" fontCnt="2"><hh:font id="0" face="함초롬돋움" type="TTF" isEmbedded="0"><hh:typeInfo familyType="FCAT_GOTHIC" weight="6" proportion="4" contrast="0" strokeVariation="1" armStyle="1" letterform="1" midline="1" xHeight="1"/></hh:font><hh:font id="1" face="함초롬바탕" type="TTF" isEmbedded="0"><hh:typeInfo familyType="FCAT_GOTHIC" weight="6" proportion="4" contrast="0" strokeVariation="1" armStyle="1" letterform="1" midline="1" xHeight="1"/></hh:font></hh:fontface><hh:fontface lang="SYMBOL" fontCnt="2"><hh:font id="0" face="함초롬돋움" type="TTF" isEmbedded="0"><hh:typeInfo familyType="FCAT_GOTHIC" weight="6" proportion="4" contrast="0" strokeVariation="1" armStyle="1" letterform="1" midline="1" xHeight="1"/></hh:font><hh:font id="1" face="함초롬바탕" type="TTF" isEmbedded="0"><hh:typeInfo familyType="FCAT_GOTHIC" weight="6" proportion="4" contrast="0" strokeVariation="1" armStyle="1" letterform="1" midline="1" xHeight="1"/></hh:font></hh:fontface><hh:fontface lang="USER" fontCnt="2"><hh:font id="0" face="함초롬돋움" type="TTF" isEmbedded="0"><hh:typeInfo familyType="FCAT_GOTHIC" weight="6" proportion="4" contrast="0" strokeVariation="1" armStyle="1" letterform="1" midline="1" xHeight="1"/></hh:font><hh:font id="1" face="함초롬바탕" type="TTF" isEmbedded="0"><hh:typeInfo familyType="FCAT_GOTHIC" weight="6" proportion="4" contrast="0" strokeVariation="1" armStyle="1" letterform="1" midline="1" xHeight="1"/></hh:font></hh:fontface></hh:fontfaces><hh:borderFills itemCnt="2"><hh:borderFill id="1" threeD="0" shadow="0" centerLine="NONE" breakCellSeparateLine="0"><hh:slash isCrooked="0" isCounter="0"/><hh:backSlash isCrooked="0" isCounter="0"/><hh:leftBorder type="NONE" width="0.1 mm" color="#000000"/><hh:rightBorder type="NONE" width="0.1 mm" color="#000000"/><hh:topBorder type="NONE" width="0.1 mm" color="#000000"/><hh:bottomBorder type="NONE" width="0.1 mm" color="#000000"/><hh:diagonal type="SOLID" width="0.1 mm" color="#000000"/></hh:borderFill><hh:borderFill id="2" threeD="0" shadow="0" centerLine="NONE" breakCellSeparateLine="0"><hh:slash isCrooked="0" isCounter="0"/><hh:backSlash isCrooked="0" isCounter="0"/><hh:leftBorder type="NONE" width="0.1 mm" color="#000000"/><hh:rightBorder type="NONE" width="0.1 mm" color="#000000"/><hh:topBorder type="NONE" width="0.1 mm" color="#000000"/><hh:bottomBorder type="NONE" width="0.1 mm" color="#000000"/><hh:diagonal type="SOLID" width="0.1 mm" color="#000000"/><hc:fillBrush><hc:winBrush faceColor="#FFFFFFFF" hatchColor="#FF000000" alpha="0"/></hc:fillBrush></hh:borderFill></hh:borderFills><hh:charProperties itemCnt="5"><hh:charPr id="0" height="1000" textColor="#000000" shadeColor="#FFFFFFFF" useFontSpace="0" useKerning="0" symMark="NONE" borderFillIDRef="2"><hh:fontRef hangul="1" latin="1" hanja="1" japanese="1" other="1" symbol="1" user="1"/><hh:ratio hangul="100" latin="100" hanja="100" japanese="100" other="100" symbol="100" user="100"/><hh:spacing hangul="0" latin="0" hanja="0" japanese="0" other="0" symbol="0" user="0"/><hh:relSz hangul="100" latin="100" hanja="100" japanese="100" other="100" symbol="100" user="100"/><hh:offset hangul="0" latin="0" hanja="0" japanese="0" other="0" symbol="0" user="0"/></hh:charPr><hh:charPr id="1" height="1000" textColor="#000000" shadeColor="#FFFFFFFF" useFontSpace="0" useKerning="0" symMark="NONE" borderFillIDRef="2"><hh:fontRef hangul="0" latin="0" hanja="0" japanese="0" other="0" symbol="0" user="0"/><hh:ratio hangul="100" latin="100" hanja="100" japanese="100" other="100" symbol="100" user="100"/><hh:spacing hangul="0" latin="0" hanja="0" japanese="0" other="0" symbol="0" user="0"/><hh:relSz hangul="100" latin="100" hanja="100" japanese="100" other="100" symbol="100" user="100"/><hh:offset hangul="0" latin="0" hanja="0" japanese="0" other="0" symbol="0" user="0"/></hh:charPr><hh:charPr id="2" height="900" textColor="#000000" shadeColor="#FFFFFFFF" useFontSpace="0" useKerning="0" symMark="NONE" borderFillIDRef="2"><hh:fontRef hangul="0" latin="0" hanja="0" japanese="0" other="0" symbol="0" user="0"/><hh:ratio hangul="100" latin="100" hanja="100" japanese="100" other="100" symbol="100" user="100"/><hh:spacing hangul="0" latin="0" hanja="0" japanese="0" other="0" symbol="0" user="0"/><hh:relSz hangul="100" latin="100" hanja="100" japanese="100" other="100" symbol="100" user="100"/><hh:offset hangul="0" latin="0" hanja="0" japanese="0" other="0" symbol="0" user="0"/></hh:charPr><hh:charPr id="3" height="900" textColor="#000000" shadeColor="#FFFFFFFF" useFontSpace="0" useKerning="0" symMark="NONE" borderFillIDRef="2"><hh:fontRef hangul="1" latin="1" hanja="1" japanese="1" other="1" symbol="1" user="1"/><hh:ratio hangul="100" latin="100" hanja="100" japanese="100" other="100" symbol="100" user="100"/><hh:spacing hangul="0" latin="0" hanja="0" japanese="0" other="0" symbol="0" user="0"/><hh:relSz hangul="100" latin="100" hanja="100" japanese="100" other="100" symbol="100" user="100"/><hh:offset hangul="0" latin="0" hanja="0" japanese="0" other="0" symbol="0" user="0"/></hh:charPr><hh:charPr id="4" height="900" textColor="#000000" shadeColor="#FFFFFFFF" useFontSpace="0" useKerning="0" symMark="NONE" borderFillIDRef="2"><hh:fontRef hangul="0" latin="0" hanja="0" japanese="0" other="0" symbol="0" user="0"/><hh:ratio hangul="100" latin="100" hanja="100" japanese="100" other="100" symbol="100" user="100"/><hh:spacing hangul="-5" latin="-5" hanja="-5" japanese="-5" other="-5" symbol="-5" user="-5"/><hh:relSz hangul="100" latin="100" hanja="100" japanese="100" other="100" symbol="100" user="100"/><hh:offset hangul="0" latin="0" hanja="0" japanese="0" other="0" symbol="0" user="0"/></hh:charPr></hh:charProperties><hh:tabProperties itemCnt="2"><hh:tabPr id="0" autoTabLeft="0" autoTabRight="0"/><hh:tabPr id="1" autoTabLeft="1" autoTabRight="0"/></hh:tabProperties><hh:numberings itemCnt="1"><hh:numbering id="1" start="0"><hh:paraHead start="1" level="1" align="LEFT" useInstWidth="1" autoIndent="1" widthAdjust="0" textOffsetType="PERCENT" textOffset="50" numFormat="DIGIT" charPrIDRef="4294967295">^1.</hh:paraHead><hh:paraHead start="1" level="2" align="LEFT" useInstWidth="1" autoIndent="1" widthAdjust="0" textOffsetType="PERCENT" textOffset="50" numFormat="HANGUL_SYLLABLE" charPrIDRef="4294967295">^2.</hh:paraHead><hh:paraHead start="1" level="3" align="LEFT" useInstWidth="1" autoIndent="1" widthAdjust="0" textOffsetType="PERCENT" textOffset="50" numFormat="DIGIT" charPrIDRef="4294967295">^3)</hh:paraHead><hh:paraHead start="1" level="4" align="LEFT" useInstWidth="1" autoIndent="1" widthAdjust="0" textOffsetType="PERCENT" textOffset="50" numFormat="HANGUL_SYLLABLE" charPrIDRef="4294967295">^4)</hh:paraHead><hh:paraHead start="1" level="5" align="LEFT" useInstWidth="1" autoIndent="1" widthAdjust="0" textOffsetType="PERCENT" textOffset="50" numFormat="DIGIT" charPrIDRef="4294967295">(^5)</hh:paraHead><hh:paraHead start="1" level="6" align="LEFT" useInstWidth="1" autoIndent="1" widthAdjust="0" textOffsetType="PERCENT" textOffset="50" numFormat="HANGUL_SYLLABLE" charPrIDRef="4294967295">(^6)</hh:paraHead><hh:paraHead start="1" level="7" align="LEFT" useInstWidth="1" autoIndent="1" widthAdjust="0" textOffsetType="PERCENT" textOffset="50" numFormat="CIRCLED_DIGIT" charPrIDRef="4294967295">^7</hh:paraHead></hh:numbering></hh:numberings><hh:paraProperties itemCnt="12"><hh:paraPr id="0" tabPrIDRef="0" condense="0" fontLineHeight="0" snapToGrid="1" suppressLineNumbers="0"><hh:align horizontal="LEFT" vertical="BASELINE"/><hh:heading type="NONE" idRef="0" level="0"/><hh:breakSetting breakLatinWord="KEEP_WORD" breakNonLatinWord="BREAK_WORD" widowOrphan="0" keepWithNext="0" keepLines="0" pageBreakBefore="0" lineWrap="BREAK"/><hh:autoSpacing eAsianEng="0" eAsianNum="0"/><hh:margin><hc:intent value="0" unit="HWPUNIT"/><hc:left value="0" unit="HWPUNIT"/><hc:right value="0" unit="HWPUNIT"/><hc:prev value="0" unit="HWPUNIT"/><hc:next value="0" unit="HWPUNIT"/></hh:margin><hh:lineSpacing type="PERCENT" value="130" unit="HWPUNIT"/><hh:border borderFillIDRef="2" offsetLeft="0" offsetRight="0" offsetTop="0" offsetBottom="0" connect="0" ignoreMargin="0"/></hh:paraPr><hh:paraPr id="1" tabPrIDRef="0" condense="0" fontLineHeight="0" snapToGrid="1" suppressLineNumbers="0"><hh:align horizontal="JUSTIFY" vertical="BASELINE"/><hh:heading type="NONE" idRef="0" level="0"/><hh:breakSetting breakLatinWord="KEEP_WORD" breakNonLatinWord="KEEP_WORD" widowOrphan="0" keepWithNext="0" keepLines="0" pageBreakBefore="0" lineWrap="BREAK"/><hh:autoSpacing eAsianEng="0" eAsianNum="0"/><hh:margin><hc:intent value="-2620" unit="HWPUNIT"/><hc:left value="0" unit="HWPUNIT"/><hc:right value="0" unit="HWPUNIT"/><hc:prev value="0" unit="HWPUNIT"/><hc:next value="0" unit="HWPUNIT"/></hh:margin><hh:lineSpacing type="PERCENT" value="130" unit="HWPUNIT"/><hh:border borderFillIDRef="2" offsetLeft="0" offsetRight="0" offsetTop="0" offsetBottom="0" connect="0" ignoreMargin="0"/></hh:paraPr><hh:paraPr id="2" tabPrIDRef="0" condense="0" fontLineHeight="0" snapToGrid="1" suppressLineNumbers="0"><hh:align horizontal="JUSTIFY" vertical="BASELINE"/><hh:heading type="NONE" idRef="0" level="0"/><hh:breakSetting breakLatinWord="KEEP_WORD" breakNonLatinWord="BREAK_WORD" widowOrphan="0" keepWithNext="0" keepLines="0" pageBreakBefore="0" lineWrap="BREAK"/><hh:autoSpacing eAsianEng="0" eAsianNum="0"/><hh:margin><hc:intent value="0" unit="HWPUNIT"/><hc:left value="0" unit="HWPUNIT"/><hc:right value="0" unit="HWPUNIT"/><hc:prev value="0" unit="HWPUNIT"/><hc:next value="0" unit="HWPUNIT"/></hh:margin><hh:lineSpacing type="PERCENT" value="150" unit="HWPUNIT"/><hh:border borderFillIDRef="2" offsetLeft="0" offsetRight="0" offsetTop="0" offsetBottom="0" connect="0" ignoreMargin="0"/></hh:paraPr><hh:paraPr id="3" tabPrIDRef="0" condense="0" fontLineHeight="0" snapToGrid="1" suppressLineNumbers="0"><hh:align horizontal="JUSTIFY" vertical="BASELINE"/><hh:heading type="NONE" idRef="0" level="0"/><hh:breakSetting breakLatinWord="KEEP_WORD" breakNonLatinWord="KEEP_WORD" widowOrphan="0" keepWithNext="0" keepLines="0" pageBreakBefore="0" lineWrap="BREAK"/><hh:autoSpacing eAsianEng="0" eAsianNum="0"/><hh:margin><hc:intent value="0" unit="HWPUNIT"/><hc:left value="0" unit="HWPUNIT"/><hc:right value="0" unit="HWPUNIT"/><hc:prev value="0" unit="HWPUNIT"/><hc:next value="0" unit="HWPUNIT"/></hh:margin><hh:lineSpacing type="PERCENT" value="160" unit="HWPUNIT"/><hh:border borderFillIDRef="2" offsetLeft="0" offsetRight="0" offsetTop="0" offsetBottom="0" connect="0" ignoreMargin="0"/></hh:paraPr><hh:paraPr id="4" tabPrIDRef="1" condense="20" fontLineHeight="0" snapToGrid="1" suppressLineNumbers="0"><hh:align horizontal="JUSTIFY" vertical="BASELINE"/><hh:heading type="OUTLINE" idRef="0" level="6"/><hh:breakSetting breakLatinWord="KEEP_WORD" breakNonLatinWord="KEEP_WORD" widowOrphan="0" keepWithNext="0" keepLines="0" pageBreakBefore="0" lineWrap="BREAK"/><hh:autoSpacing eAsianEng="0" eAsianNum="0"/><hh:margin><hc:intent value="0" unit="HWPUNIT"/><hc:left value="14000" unit="HWPUNIT"/><hc:right value="0" unit="HWPUNIT"/><hc:prev value="0" unit="HWPUNIT"/><hc:next value="0" unit="HWPUNIT"/></hh:margin><hh:lineSpacing type="PERCENT" value="160" unit="HWPUNIT"/><hh:border borderFillIDRef="2" offsetLeft="0" offsetRight="0" offsetTop="0" offsetBottom="0" connect="0" ignoreMargin="0"/></hh:paraPr><hh:paraPr id="5" tabPrIDRef="1" condense="20" fontLineHeight="0" snapToGrid="1" suppressLineNumbers="0"><hh:align horizontal="JUSTIFY" vertical="BASELINE"/><hh:heading type="OUTLINE" idRef="0" level="5"/><hh:breakSetting breakLatinWord="KEEP_WORD" breakNonLatinWord="KEEP_WORD" widowOrphan="0" keepWithNext="0" keepLines="0" pageBreakBefore="0" lineWrap="BREAK"/><hh:autoSpacing eAsianEng="0" eAsianNum="0"/><hh:margin><hc:intent value="0" unit="HWPUNIT"/><hc:left value="12000" unit="HWPUNIT"/><hc:right value="0" unit="HWPUNIT"/><hc:prev value="0" unit="HWPUNIT"/><hc:next value="0" unit="HWPUNIT"/></hh:margin><hh:lineSpacing type="PERCENT" value="160" unit="HWPUNIT"/><hh:border borderFillIDRef="2" offsetLeft="0" offsetRight="0" offsetTop="0" offsetBottom="0" connect="0" ignoreMargin="0"/></hh:paraPr><hh:paraPr id="6" tabPrIDRef="1" condense="20" fontLineHeight="0" snapToGrid="1" suppressLineNumbers="0"><hh:align horizontal="JUSTIFY" vertical="BASELINE"/><hh:heading type="OUTLINE" idRef="0" level="4"/><hh:breakSetting breakLatinWord="KEEP_WORD" breakNonLatinWord="KEEP_WORD" widowOrphan="0" keepWithNext="0" keepLines="0" pageBreakBefore="0" lineWrap="BREAK"/><hh:autoSpacing eAsianEng="0" eAsianNum="0"/><hh:margin><hc:intent value="0" unit="HWPUNIT"/><hc:left value="10000" unit="HWPUNIT"/><hc:right value="0" unit="HWPUNIT"/><hc:prev value="0" unit="HWPUNIT"/><hc:next value="0" unit="HWPUNIT"/></hh:margin><hh:lineSpacing type="PERCENT" value="160" unit="HWPUNIT"/><hh:border borderFillIDRef="2" offsetLeft="0" offsetRight="0" offsetTop="0" offsetBottom="0" connect="0" ignoreMargin="0"/></hh:paraPr><hh:paraPr id="7" tabPrIDRef="0" condense="0" fontLineHeight="0" snapToGrid="1" suppressLineNumbers="0"><hh:align horizontal="JUSTIFY" vertical="BASELINE"/><hh:heading type="NONE" idRef="0" level="0"/><hh:breakSetting breakLatinWord="KEEP_WORD" breakNonLatinWord="KEEP_WORD" widowOrphan="0" keepWithNext="0" keepLines="0" pageBreakBefore="0" lineWrap="BREAK"/><hh:autoSpacing eAsianEng="0" eAsianNum="0"/><hh:margin><hc:intent value="0" unit="HWPUNIT"/><hc:left value="3000" unit="HWPUNIT"/><hc:right value="0" unit="HWPUNIT"/><hc:prev value="0" unit="HWPUNIT"/><hc:next value="0" unit="HWPUNIT"/></hh:margin><hh:lineSpacing type="PERCENT" value="160" unit="HWPUNIT"/><hh:border borderFillIDRef="2" offsetLeft="0" offsetRight="0" offsetTop="0" offsetBottom="0" connect="0" ignoreMargin="0"/></hh:paraPr><hh:paraPr id="8" tabPrIDRef="1" condense="20" fontLineHeight="0" snapToGrid="1" suppressLineNumbers="0"><hh:align horizontal="JUSTIFY" vertical="BASELINE"/><hh:heading type="OUTLINE" idRef="0" level="3"/><hh:breakSetting breakLatinWord="KEEP_WORD" breakNonLatinWord="KEEP_WORD" widowOrphan="0" keepWithNext="0" keepLines="0" pageBreakBefore="0" lineWrap="BREAK"/><hh:autoSpacing eAsianEng="0" eAsianNum="0"/><hh:margin><hc:intent value="0" unit="HWPUNIT"/><hc:left value="8000" unit="HWPUNIT"/><hc:right value="0" unit="HWPUNIT"/><hc:prev value="0" unit="HWPUNIT"/><hc:next value="0" unit="HWPUNIT"/></hh:margin><hh:lineSpacing type="PERCENT" value="160" unit="HWPUNIT"/><hh:border borderFillIDRef="2" offsetLeft="0" offsetRight="0" offsetTop="0" offsetBottom="0" connect="0" ignoreMargin="0"/></hh:paraPr><hh:paraPr id="9" tabPrIDRef="1" condense="20" fontLineHeight="0" snapToGrid="1" suppressLineNumbers="0"><hh:align horizontal="JUSTIFY" vertical="BASELINE"/><hh:heading type="OUTLINE" idRef="0" level="2"/><hh:breakSetting breakLatinWord="KEEP_WORD" breakNonLatinWord="KEEP_WORD" widowOrphan="0" keepWithNext="0" keepLines="0" pageBreakBefore="0" lineWrap="BREAK"/><hh:autoSpacing eAsianEng="0" eAsianNum="0"/><hh:margin><hc:intent value="0" unit="HWPUNIT"/><hc:left value="6000" unit="HWPUNIT"/><hc:right value="0" unit="HWPUNIT"/><hc:prev value="0" unit="HWPUNIT"/><hc:next value="0" unit="HWPUNIT"/></hh:margin><hh:lineSpacing type="PERCENT" value="160" unit="HWPUNIT"/><hh:border borderFillIDRef="2" offsetLeft="0" offsetRight="0" offsetTop="0" offsetBottom="0" connect="0" ignoreMargin="0"/></hh:paraPr><hh:paraPr id="10" tabPrIDRef="1" condense="20" fontLineHeight="0" snapToGrid="1" suppressLineNumbers="0"><hh:align horizontal="JUSTIFY" vertical="BASELINE"/><hh:heading type="OUTLINE" idRef="0" level="1"/><hh:breakSetting breakLatinWord="KEEP_WORD" breakNonLatinWord="KEEP_WORD" widowOrphan="0" keepWithNext="0" keepLines="0" pageBreakBefore="0" lineWrap="BREAK"/><hh:autoSpacing eAsianEng="0" eAsianNum="0"/><hh:margin><hc:intent value="0" unit="HWPUNIT"/><hc:left value="4000" unit="HWPUNIT"/><hc:right value="0" unit="HWPUNIT"/><hc:prev value="0" unit="HWPUNIT"/><hc:next value="0" unit="HWPUNIT"/></hh:margin><hh:lineSpacing type="PERCENT" value="160" unit="HWPUNIT"/><hh:border borderFillIDRef="2" offsetLeft="0" offsetRight="0" offsetTop="0" offsetBottom="0" connect="0" ignoreMargin="0"/></hh:paraPr><hh:paraPr id="11" tabPrIDRef="1" condense="20" fontLineHeight="0" snapToGrid="1" suppressLineNumbers="0"><hh:align horizontal="JUSTIFY" vertical="BASELINE"/><hh:heading type="OUTLINE" idRef="0" level="0"/><hh:breakSetting breakLatinWord="KEEP_WORD" breakNonLatinWord="KEEP_WORD" widowOrphan="0" keepWithNext="0" keepLines="0" pageBreakBefore="0" lineWrap="BREAK"/><hh:autoSpacing eAsianEng="0" eAsianNum="0"/><hh:margin><hc:intent value="0" unit="HWPUNIT"/><hc:left value="2000" unit="HWPUNIT"/><hc:right value="0" unit="HWPUNIT"/><hc:prev value="0" unit="HWPUNIT"/><hc:next value="0" unit="HWPUNIT"/></hh:margin><hh:lineSpacing type="PERCENT" value="160" unit="HWPUNIT"/><hh:border borderFillIDRef="2" offsetLeft="0" offsetRight="0" offsetTop="0" offsetBottom="0" connect="0" ignoreMargin="0"/></hh:paraPr></hh:paraProperties><hh:styles itemCnt="14"><hh:style id="0" type="PARA" name="바탕글" engName="Normal" paraPrIDRef="3" charPrIDRef="0" nextStyleIDRef="0" langID="1042" lockForm="0"/><hh:style id="1" type="PARA" name="본문" engName="Body" paraPrIDRef="7" charPrIDRef="0" nextStyleIDRef="1" langID="1042" lockForm="0"/><hh:style id="2" type="PARA" name="개요 1" engName="Outline 1" paraPrIDRef="11" charPrIDRef="0" nextStyleIDRef="2" langID="1042" lockForm="0"/><hh:style id="3" type="PARA" name="개요 2" engName="Outline 2" paraPrIDRef="10" charPrIDRef="0" nextStyleIDRef="3" langID="1042" lockForm="0"/><hh:style id="4" type="PARA" name="개요 3" engName="Outline 3" paraPrIDRef="9" charPrIDRef="0" nextStyleIDRef="4" langID="1042" lockForm="0"/><hh:style id="5" type="PARA" name="개요 4" engName="Outline 4" paraPrIDRef="8" charPrIDRef="0" nextStyleIDRef="5" langID="1042" lockForm="0"/><hh:style id="6" type="PARA" name="개요 5" engName="Outline 5" paraPrIDRef="6" charPrIDRef="0" nextStyleIDRef="6" langID="1042" lockForm="0"/><hh:style id="7" type="PARA" name="개요 6" engName="Outline 6" paraPrIDRef="5" charPrIDRef="0" nextStyleIDRef="7" langID="1042" lockForm="0"/><hh:style id="8" type="PARA" name="개요 7" engName="Outline 7" paraPrIDRef="4" charPrIDRef="0" nextStyleIDRef="8" langID="1042" lockForm="0"/><hh:style id="9" type="CHAR" name="쪽 번호" engName="Page Number" paraPrIDRef="6619204" charPrIDRef="1" nextStyleIDRef="0" langID="1042" lockForm="0"/><hh:style id="10" type="PARA" name="머리말" engName="Header" paraPrIDRef="2" charPrIDRef="2" nextStyleIDRef="10" langID="1042" lockForm="0"/><hh:style id="11" type="PARA" name="각주" engName="Footnote" paraPrIDRef="1" charPrIDRef="3" nextStyleIDRef="11" langID="1042" lockForm="0"/><hh:style id="12" type="PARA" name="미주" engName="Endnote" paraPrIDRef="1" charPrIDRef="3" nextStyleIDRef="12" langID="1042" lockForm="0"/><hh:style id="13" type="PARA" name="메모" engName="Memo" paraPrIDRef="0" charPrIDRef="4" nextStyleIDRef="13" langID="1042" lockForm="0"/></hh:styles></hh:refList><hh:compatibleDocument targetProgram="HWP201X"><hh:layoutCompatibility/></hh:compatibleDocument><hh:docOption><hh:linkinfo pageInherit="0" footnoteInherit="0"/></hh:docOption></hh:head>