<?xml version="1.0" encoding="UTF-8"?>
<office:document-meta xmlns:office="urn:oasis:names:tc:opendocument:xmlns:office:1.0" xmlns:ooo="http://openoffice.org/2004/office" xmlns:xlink="http://www.w3.org/1999/xlink" xmlns:dc="http://purl.org/dc/elements/1.1/" xmlns:meta="urn:oasis:names:tc:opendocument:xmlns:meta:1.0" xmlns:grddl="http://www.w3.org/2003/g/data-view#" office:version="1.3"><office:meta><meta:creation-date>2022-11-27T15:54:07.498000000</meta:creation-date><dc:date>2022-11-27T16:14:46.784000000</dc:date><meta:editing-duration>PT55S</meta:editing-duration><meta:editing-cycles>2</meta:editing-cycles><meta:generator>LibreOffice/7.4.2.3$Windows_X86_64 LibreOffice_project/382eef1f22670f7f4118c8c2dd222ec7ad009daf</meta:generator><meta:document-statistic meta:table-count="0" meta:image-count="0" meta:object-count="0" meta:page-count="1" meta:paragraph-count="2" meta:word-count="19" meta:character-count="32" meta:non-whitespace-character-count="28"/></office:meta></office:document-meta>